{"count":1,"self":2701.7758719999997,"total":13312.9173648,"children":{"InitializeActuators":{"count":1,"self":0.002,"total":0.002,"children":null},"InitializeSensors":{"count":1,"self":0.0015206,"total":0.0015206,"children":null},"AgentSendState":{"count":9668801,"self":147.89888,"total":713.611541,"children":{"CollectObservations":{"count":1933761,"self":5.194862,"total":5.1948621,"children":null},"WriteActionMask":{"count":1933761,"self":1.7518128,"total":1.7518129,"children":null},"RequestDecision":{"count":1933761,"self":8.478048,"total":558.76598189999993,"children":{"AgentInfo.ToProto":{"count":1933761,"self":12.3439096,"total":550.2879338,"children":{"GenerateSensorData":{"count":1933761,"self":534.2765056,"total":537.94402389999993,"children":{"RayPerceptionSensor.Perceive":{"count":1933761,"self":3.6675031999999996,"total":3.6675031,"children":null}}}}}}}}},"DecideAction":{"count":9668801,"self":9876.570112,"total":9876.5702881,"children":null},"AgentAct":{"count":9668801,"self":20.382169599999997,"total":20.3821701,"children":null},"AgentInfo.ToProto":{"count":2779,"self":0.0130066,"total":0.5729086,"children":{"GenerateSensorData":{"count":2779,"self":0.5579037,"total":0.559902,"children":{"RayPerceptionSensor.Perceive":{"count":2779,"self":0.0019982999999999997,"total":0.0019982999999999997,"children":null}}}}}},"gauges":{"Evader.CumulativeReward":{"count":2779,"max":1221.336,"min":-184.26062,"runningAverage":30.5223236,"value":19.1503754,"weightedAverage":22.8868828}},"metadata":{"timer_format_version":"0.1.0","start_time_seconds":"1681828428","unity_version":"2021.3.10f1","command_line_arguments":"C:\\Program Files\\Unity 2021.3.10f1\\Editor\\Unity.exe -projectpath D:\\UnityProjects\\Jumper -useHub -hubIPC -cloudEnvironment production -licensingIpc LicenseClient-Jents -hubSessionId 36fe29c0-dde1-11ed-adc7-9b12521e8033 -accessToken sNBckFv5mwbkwux1infVBweTwA3s2Ye72i1Eym6d8YY001f","communication_protocol_version":"1.5.0","com.unity.ml-agents_version":"2.0.1","scene_name":"Jumper","end_time_seconds":"1681841741"}}